M_id,SSN,Name,Mail_add,Camp_add,Ph_no,Prf_flag,Prsn_flag,Exp_date
1,123456789,Name1,"123, street add, state, 123456","246, street add, state, 123456",9876543210,1,0,2021-12-01
2,123456790,Name2,"564, street add, state, 123456","584, street add, state, 123456",9876543211,1,0,2021-12-15
3,123456791,Name3,"54, street add, state, 123456","5474, street add, state, 123456",9876543212,1,0,2022-02-05
4,123456792,Name4,"874, street add, state, 123456","864, street add, state, 123456",9876543213,1,0,2022-02-06
5,123456793,Name5,"553, street add, state, 123456","244, street add, state, 123456",9876543214,1,0,2022-02-07
6,123456794,Name6,"414, street add, state, 123456","554, street add, state, 123456",9876543215,1,0,2022-02-08
7,123456795,Name7,"5484, street add, state, 123456","234, street add, state, 123456",9876543216,0,1,2022-02-09
8,123456796,Name8,"504, street add, state, 123456","974, street add, state, 123456",9876543217,0,1,2022-02-10
9,123456797,Name9,"021, street add, state, 123456","9784, street add, state, 123456",9876543218,0,1,2022-02-11
10,123456798,Name10,"7154, street add, state, 123456","354, street add, state, 123456",9876543219,0,1,2022-02-12
11,123456799,Name11,"934, street add, state, 123456","84, street add, state, 123456",9876543220,0,1,2022-02-13
12,123456800,Name12,"204, street add, state, 123456","564, street add, state, 123456",9876543221,0,1,2022-02-14
13,123456801,Name13,"564, street add, state, 123456","564, street add, state, 123456",9876543222,0,1,2022-02-15
14,123456802,Name14,"564, street add, state, 123456","564, street add, state, 123456",9876543223,0,1,2022-02-16
15,123456803,Name15,"564, street add, state, 123456","564, street add, state, 123456",9876543224,0,1,2022-02-17
0,111111111,Dummy,,,,0,0,
